<?xml version="1.0" encoding="utf-8"?>
<GraphicalInterface>
  <P Name="NumRootInports">0</P>
  <P Name="NumRootOutports">0</P>
  <P Name="ParameterArgumentNames"/>
  <P Name="NumModelReferences">0</P>
  <P Name="NumTestPointedSignals">0</P>
  <P Name="NumProvidedFunctions">0</P>
  <P Name="NumRequiredFunctions">0</P>
  <P Name="NumResetEvents">0</P>
  <P Name="HasInitializeEvent">0</P>
  <P Name="HasTerminateEvent">0</P>
  <P Name="PreCompExecutionDomainType">Unset</P>
  <P Name="UseModelRefSolver">0</P>
  <P Name="SolverName">ode4</P>
  <P Name="IsExportFunctionModel">0</P>
  <P Name="SimulinkSubDomainType">Simulink</P>
  <P Name="NumParameterArguments">0</P>
  <P Name="NumExternalFileReferences">4</P>
  <ExternalFileReference>
    <P Name="Reference">quarc_library/Data Acquisition/Generic/Configuration/HIL Initialize</P>
    <P Name="Path">$bdroot/SRV-02/HIL Initialize</P>
    <P Name="SID">2</P>
    <P Name="Type">LIBRARY_BLOCK</P>
  </ExternalFileReference>
  <ExternalFileReference>
    <P Name="Reference">quarc_library/Data Acquisition/Generic/Immediate I//O/HIL Read Encoder</P>
    <P Name="Path">$bdroot/SRV-02/HIL Read Encoder</P>
    <P Name="SID">4</P>
    <P Name="Type">LIBRARY_BLOCK</P>
  </ExternalFileReference>
  <ExternalFileReference>
    <P Name="Reference">quarc_library/Data Acquisition/Generic/Immediate I//O/HIL Read Encoder</P>
    <P Name="Path">$bdroot/SRV-02/HIL Read Encoder1</P>
    <P Name="SID">161</P>
    <P Name="Type">LIBRARY_BLOCK</P>
  </ExternalFileReference>
  <ExternalFileReference>
    <P Name="Reference">quarc_library/Data Acquisition/Generic/Immediate I//O/HIL Write</P>
    <P Name="Path">$bdroot/SRV-02/HIL Write</P>
    <P Name="SID">5</P>
    <P Name="Type">LIBRARY_BLOCK</P>
  </ExternalFileReference>
  <P Name="OrderedModelArguments">1</P>
</GraphicalInterface>
